{
  "Total" : {
    "transaction" : "Total",
    "sampleCount" : 3496,
    "errorCount" : 3395,
    "errorPct" : 97.110985,
    "meanResTime" : 297.3258009153316,
    "medianResTime" : 250.0,
    "minResTime" : 145.0,
    "maxResTime" : 75561.0,
    "pct1ResTime" : 352.0,
    "pct2ResTime" : 384.14999999999964,
    "pct3ResTime" : 583.119999999999,
    "throughput" : 39.64707750232484,
    "receivedKBytesPerSec" : 49.58199341814285,
    "sentKBytesPerSec" : 9.405746136366215
  },
  "HTTP Request" : {
    "transaction" : "HTTP Request",
    "sampleCount" : 3496,
    "errorCount" : 3395,
    "errorPct" : 97.110985,
    "meanResTime" : 297.3258009153316,
    "medianResTime" : 250.0,
    "minResTime" : 145.0,
    "maxResTime" : 75561.0,
    "pct1ResTime" : 352.0,
    "pct2ResTime" : 384.14999999999964,
    "pct3ResTime" : 583.119999999999,
    "throughput" : 39.64707750232484,
    "receivedKBytesPerSec" : 49.58199341814285,
    "sentKBytesPerSec" : 9.405746136366215
  }
}